,file,md5
0,11169.csv,a98e3a54c2719e9c433e966d6c64750c
1,43898.csv,78de5e0ec65911404a8270360a8b6329
2,2065.csv,adf1ab164da9a9b4aaca3a783e04a767
3,15051.csv,6ad1882fb6c91a783efe0336784457e1
4,10488.csv,ddfcac35421ca3f2cd3332970e129eb3
5,19117.csv,011b32182ec1eea9a593c45ea6aa2560
6,2347.csv,47117ffcd9cbe6fc57b13c547e4d0540
7,25301.csv,69f7d20d0aa256ace9e8c54e38c7bb64
8,42721.csv,2d7786d52a00fd00e094e7178dd9bc09
9,38833.csv,fd8b85727fce545fbe40e71070db0abc
10,9706.csv,80618a1a9e836246807978420612866f
11,44038.csv,c26b860ee0d229026b65efb21ef06fcb
12,41159.csv,e95d56e9faaf66f82db77f93ec77f5e9
13,44079.csv,8f4b84317ea3dafbe4795f584e1a8b0c
14,31089.csv,79b78be27c4822d8d906228ea208574b
15,24902.csv,4015df4345738b0150e7d13a6ec21e22
16,16962.csv,7614c0fd8b967a98adc839824acce305
17,24171.csv,b602166a82a98b9a0f528d2d90f260dd
18,33210.csv,48e7b5c24c74600612687784f416a6e6
19,850.csv,1a2ddbe63f428078064f830e2e063bb7
20,28039.csv,7ca89c433957fcbebc615a8a808fb54b
21,17488.csv,01784f6f4e9461d6e7d67f899bf23508
22,32538.csv,137cc6fa6b27a004e111dd545f4a327d
23,37930.csv,de9e75582fbd3de18dc1ba0ed1529ce2
24,37830.csv,0dfe4aa3a065a0dbcb8e04c58aa290af
25,43844.csv,b7dc0406b3bacea579c31e86d81acf0f
26,43928.csv,68da4773faf523fe73b8e2ce9870ac45
27,11835.csv,d24c5e141b9bc340d40a0c189457c166
28,30855.csv,836544bd9463d9f8fda99c57062cf630
29,29154.csv,2e5b5a7c75a967d603dec85911cee0a8
30,16370.csv,68ddacf8abb7f47b338035dfaa464907
31,18443.csv,e29f08341e2bbf1784b3e7bc99fcbf17
32,36781.csv,80cc7ba8b4b04a55302830fe3c908c77
33,36015.csv,48e7b5c24c74600612687784f416a6e6
34,13692.csv,51ba5742ed6e0fb4af997750d164f374
35,36248.csv,78de5e0ec65911404a8270360a8b6329
36,19409.csv,e42332bb9e67707870bff44e17efdd1f
37,12191.csv,302ecb02c2d48616280823172bf25a1a
38,40195.csv,ddcc7676a565992fb451cfe2d94bf5a4
39,21910.csv,83d2f8502a589bc88acae83aa56a438f
40,1353.csv,076d9df0a5338e3df0f3e4d4e7786f7e
41,13465.csv,81244d6cc375a7afe53bc9c2e9afb9dc
42,9808.csv,6b1014d5ef0c76557771d7f6a16cc0f2
43,14243.csv,ae1a840793c7503959bea2063cefe7af
44,37440.csv,6e6f5d685ed0102d497451f3969aa3a4
45,33589.csv,2852381cac1f7603801d1a2a16ba8951
46,38959.csv,3093d9b00507e60abc438fb24ee407ec
47,31290.csv,77f1e93a64b1c375ac7ac1a989e5bafd
48,42472.csv,ffc72193a2efce96633255ac129ca35a
49,30123.csv,ddfcac35421ca3f2cd3332970e129eb3
50,44374.csv,528a6af50987443c99cbb1fd6d108040
51,10781.csv,a24b4786283ca368c535f6b860e15bea
52,13971.csv,b602166a82a98b9a0f528d2d90f260dd
53,41485.csv,ed2a1c6a7c0de3f5a4c659cd834e9496
54,37604.csv,e6d35f4e05162963b26284bd15f584e7
55,10932.csv,c2ff5d0670c38b6b688735f58e000a39
56,12661.csv,2f0ebe52e10073c73940c86532420b07
57,17663.csv,68da4773faf523fe73b8e2ce9870ac45
58,25990.csv,83d2f8502a589bc88acae83aa56a438f
59,35089.csv,f33a511c000b5e7b0a37a5dc524a04e1
60,39938.csv,d6b013b0fdb64c2f63c478fcbc89f28b
61,12790.csv,fa0ffe18bdc93bf93654b3e35564f14a
62,26209.csv,3093d9b00507e60abc438fb24ee407ec
63,44545.csv,ed2a1c6a7c0de3f5a4c659cd834e9496
64,7990.csv,1a2ddbe63f428078064f830e2e063bb7
65,22783.csv,f6fc265306da0321fcd522fb6995fd5d
66,1087.csv,7647271bdff241abb66f777c85d1c9d1
67,26672.csv,5c8d21ef707c8bd89bd67d98a1959105
68,2837.csv,d97a29b45c42742e4b8da823d8d99c5a
69,40083.csv,515c905c5ecf7385bb0cdad4b50dca54
70,44410.csv,fa0ffe18bdc93bf93654b3e35564f14a
71,44588.csv,ae1a840793c7503959bea2063cefe7af
72,22946.csv,c9e80dfccdff4cfb422a8179f1a3c315
73,38323.csv,fd8b85727fce545fbe40e71070db0abc
74,2861.csv,69f7d20d0aa256ace9e8c54e38c7bb64
75,20781.csv,9cc0502ccba1c927394dfecfdcf1ec21
76,36486.csv,b024f5d8315514761d0397cf35f37915
77,11203.csv,c6a18bc052eb2cdfe889625e7e35fe36
78,3001.csv,b8f1c6667504f9f3d2118cae2900c37e
79,31609.csv,7ca89c433957fcbebc615a8a808fb54b
80,33063.csv,8b3c9f923d2a9f4ab825e5143461956b
81,44040.csv,77f1e93a64b1c375ac7ac1a989e5bafd
82,35534.csv,449a8afe0a42bc3be1c2f635e1469ed8
83,33204.csv,3e64ede6075d9a373080154b6452289f
84,861.csv,9cef7fe5c4339859b1e7a7791c71f163
85,15970.csv,ddcc7676a565992fb451cfe2d94bf5a4
86,32787.csv,35335b2d1d53697c08c1c9c799a6096c
87,20511.csv,4dda2e171ac1632855988d83b025f038
88,14558.csv,31642ae575aa2979c001c31a86bf9e27
89,12474.csv,79b78be27c4822d8d906228ea208574b
90,37650.csv,4b4bd27e66039d4c7bd111dbb59b05b5
91,9548.csv,1fe784745889dec7fc7bc9dfb059b444
92,14357.csv,1ba9052efb12e96a235dec3c3fe57f79
93,6252.csv,7614c0fd8b967a98adc839824acce305
94,11041.csv,489f9cfc5dbfcd96dbede448fed9fd61
95,26991.csv,451282482748947e60d25d9ececf76d6
96,16098.csv,ddfcac35421ca3f2cd3332970e129eb3
97,32887.csv,011b32182ec1eea9a593c45ea6aa2560
98,9874.csv,2852381cac1f7603801d1a2a16ba8951
99,21004.csv,caf6eecaba7ed9478beeb5e4832f89ba
100,7317.csv,51ba5742ed6e0fb4af997750d164f374
101,30490.csv,29d8423e87ad07f427abfa0825f0d2a0
102,16293.csv,18aeb86417d793f484478be07ce39ae5
103,13305.csv,449c73e6fc2f62c7130477b7cc94364d
104,21165.csv,836544bd9463d9f8fda99c57062cf630
105,12962.csv,5810e8c26abd3ca9e011127c5a5a9fea
106,7350.csv,6e6f5d685ed0102d497451f3969aa3a4
107,15757.csv,81f189b6b42b9f3f14625bfec9362563
108,43615.csv,dbb3ededbe7e27c70f4a99c42170d31c
109,41047.csv,011b32182ec1eea9a593c45ea6aa2560
110,43529.csv,c1ff62001e989a55b961a0495963864d
111,700.csv,de9e75582fbd3de18dc1ba0ed1529ce2
112,4365.csv,88cd08b7b97ee11f06e5bae9bf8cec5a
113,32693.csv,e054df18ca9f7c6de70bd6dcd473ae48
114,31280.csv,56e3577f995a8b7b1eb088c2c8365a59
115,33597.csv,824a807abbd4c9bd46058bfa1f39d95c
116,42453.csv,7422dcf1e0a589cc73366449e4638f30
117,5939.csv,4fb7cd8ab144ef300b4717bfb251b496
118,43855.csv,5779689e733c0cd0e7b20b108ab056d2
119,28879.csv,ae3b65fb6d69571caa6ed3da05426b6d
120,32525.csv,3c2ea1c7856c3f3651aab5e6d9740cf2
121,36581.csv,013ab21e559b10f834b270ce0931c202
122,24414.csv,b5d05c6617a608f8d3b498030d357e6b
123,5878.csv,06e46dd27625a5de049192cff95e1f87
124,19282.csv,0a22e2b529b1d442419debafa9c01740
125,18374.csv,b246008f3f125aebe74ead58e598c93a
126,40734.csv,b5d05c6617a608f8d3b498030d357e6b
127,32662.csv,c756e09aad1d6c07b82b4178bafabe45
128,26493.csv,18aeb86417d793f484478be07ce39ae5
129,7753.csv,01fe48fac7ffaaf2d83e411340c485d9
130,8494.csv,c6c54085a67721052f78c68a9932a208
131,26306.csv,f982e1595b5e3f863a794957be588099
132,34278.csv,cf4b225d60b38a7596f3d674ddc1bbb6
133,43600.csv,5779689e733c0cd0e7b20b108ab056d2
134,15892.csv,992187d78d9bb5d9e6d753b1fa7f697b
135,17837.csv,99d65c8c55385bfb443314f7f2724388
136,42311.csv,cb4c0097fed9aa9878833bae4081f25f
137,6367.csv,011b32182ec1eea9a593c45ea6aa2560
138,39052.csv,8c15f94653f1608c5760c3fc872a0cea
139,30166.csv,489f9cfc5dbfcd96dbede448fed9fd61
140,5354.csv,22e53efc60552787f42af06a7b457c03
141,8856.csv,dde91948b3f5b0fdaeeb06eb7eacdba3
142,34087.csv,71b8df1acddf1e16123bd87e2429d0ea
143,13596.csv,64f3efe0176edec2b3470069f4a4a0c5
144,36464.csv,22e53efc60552787f42af06a7b457c03
145,4899.csv,3e64ede6075d9a373080154b6452289f
146,28152.csv,e8539db920a15468d9111237ae921f4f
147,38165.csv,56e3577f995a8b7b1eb088c2c8365a59
148,21696.csv,b024f5d8315514761d0397cf35f37915
149,16550.csv,659e8aeece639be783bfbf7fd4194e82
150,33254.csv,e95d56e9faaf66f82db77f93ec77f5e9
151,20198.csv,e054df18ca9f7c6de70bd6dcd473ae48
152,11372.csv,5c8d21ef707c8bd89bd67d98a1959105
153,14965.csv,ed2a1c6a7c0de3f5a4c659cd834e9496
154,42737.csv,5c8d21ef707c8bd89bd67d98a1959105
155,28413.csv,cf4b225d60b38a7596f3d674ddc1bbb6
156,43918.csv,5b9c80bd594660ce176d7e12c270333a
157,42356.csv,611ba31ce7b244ec0e544443426b9073
158,26964.csv,b5d05c6617a608f8d3b498030d357e6b
159,16931.csv,9603e5b18a1d0bb6b931ac865d68991f
160,43080.csv,f2662022137555af74aaa914e080f129
161,11421.csv,b602166a82a98b9a0f528d2d90f260dd
162,32386.csv,f46e4f0e5940bd4faf80015d70013909
163,20882.csv,7e773412b250da71301bb0304b362de0
164,8753.csv,e29f08341e2bbf1784b3e7bc99fcbf17
165,1248.csv,18aeb86417d793f484478be07ce39ae5
166,35481.csv,533bb5431413db91ec2e102b67393ebd
167,6162.csv,bcf5db597f0dabc5c08c8eaf638783d9
168,15496.csv,b8f1c6667504f9f3d2118cae2900c37e
169,35281.csv,ba8aa64a38eb39e6f426f299fad94eb1
170,9886.csv,b8f1c6667504f9f3d2118cae2900c37e
171,30891.csv,533bb5431413db91ec2e102b67393ebd
172,8620.csv,81244d6cc375a7afe53bc9c2e9afb9dc
173,27278.csv,02395565cd9b07523a50ffd666f5085e
174,1327.csv,47117ffcd9cbe6fc57b13c547e4d0540
175,9333.csv,137cc6fa6b27a004e111dd545f4a327d
176,32646.csv,6ad1882fb6c91a783efe0336784457e1
177,34647.csv,c2ff5d0670c38b6b688735f58e000a39
178,6633.csv,5db352cadeabaf133304a69bcec4f5bd
179,7348.csv,e1a3f6d4734272b0bb17b94820ca1beb
180,13247.csv,99d65c8c55385bfb443314f7f2724388
181,36643.csv,c26b860ee0d229026b65efb21ef06fcb
182,38093.csv,9a6e4ef71e61d049d10bddd6b17c6363
183,28873.csv,5b9c80bd594660ce176d7e12c270333a
184,8446.csv,e86fe3ed44a031e3053024b27997ec67
185,7276.csv,2d7786d52a00fd00e094e7178dd9bc09
186,24789.csv,3e64ede6075d9a373080154b6452289f
187,10276.csv,489f9cfc5dbfcd96dbede448fed9fd61
188,8259.csv,e6a86276c22ad2a551f6b1fd06819083
189,8483.csv,68da4773faf523fe73b8e2ce9870ac45
190,7199.csv,cc528c377a44aaed820a42109dcda805
191,42764.csv,c1ff62001e989a55b961a0495963864d
192,27795.csv,836544bd9463d9f8fda99c57062cf630
193,6354.csv,79b78be27c4822d8d906228ea208574b
194,1288.csv,06e46dd27625a5de049192cff95e1f87
195,34529.csv,e95d56e9faaf66f82db77f93ec77f5e9
196,737.csv,7e773412b250da71301bb0304b362de0
197,29531.csv,302ecb02c2d48616280823172bf25a1a
198,846.csv,64f3efe0176edec2b3470069f4a4a0c5
199,34431.csv,6ad1882fb6c91a783efe0336784457e1
200,11334.csv,1388b6695296b6114f6032b11da60417
201,14454.csv,f0fd731f82118d7ff60ed681ba8e7b4d
202,27658.csv,6b1014d5ef0c76557771d7f6a16cc0f2
203,28996.csv,43a9533198a459cc9988a978287d1edd
204,26807.csv,d97a29b45c42742e4b8da823d8d99c5a
205,32564.csv,c1ff62001e989a55b961a0495963864d
206,18201.csv,9cef7fe5c4339859b1e7a7791c71f163
207,4721.csv,0b62be91a6a13945aa482e48af8d868c
208,19532.csv,5c8d21ef707c8bd89bd67d98a1959105
209,15684.csv,2043efb9dd19a7f1d5151488b15aba2b
210,640.csv,9433ff10e86cc5e9acec99c363453318
211,38975.csv,c438dde6a89d69e032b5f349aa30ea2c
212,7321.csv,43a9533198a459cc9988a978287d1edd
213,38070.csv,9e1613fba4727b779ae88fb88f318657
214,41572.csv,33ee741f4d17cce2f6653e1e73a1031f
215,41880.csv,48e7b5c24c74600612687784f416a6e6
216,15453.csv,137cc6fa6b27a004e111dd545f4a327d
217,25773.csv,fa070b91603980a607871e6c81882328
218,30103.csv,06e46dd27625a5de049192cff95e1f87
219,40530.csv,f2662022137555af74aaa914e080f129
220,24188.csv,ae1a840793c7503959bea2063cefe7af
221,23511.csv,b569d8e0e8ebaa71fbcda90a28e22064
222,12930.csv,77f1e93a64b1c375ac7ac1a989e5bafd
223,7146.csv,6ad1882fb6c91a783efe0336784457e1
224,5100.csv,836544bd9463d9f8fda99c57062cf630
225,27300.csv,2a683d1541c41f32f90f7b8fe14f6d8f
226,494.csv,b7dc0406b3bacea579c31e86d81acf0f
227,5848.csv,c6a18bc052eb2cdfe889625e7e35fe36
228,11063.csv,9a6e4ef71e61d049d10bddd6b17c6363
229,33676.csv,80618a1a9e836246807978420612866f
230,12394.csv,f33a511c000b5e7b0a37a5dc524a04e1
231,40598.csv,e054df18ca9f7c6de70bd6dcd473ae48
232,33655.csv,5779689e733c0cd0e7b20b108ab056d2
233,21802.csv,89099fc8822c11f5707a8be488510baa
234,28951.csv,2d7786d52a00fd00e094e7178dd9bc09
235,39169.csv,f33a511c000b5e7b0a37a5dc524a04e1
236,17882.csv,d97a29b45c42742e4b8da823d8d99c5a
237,25082.csv,0e5514041a57a6145453f3bc6e4eca87
238,10397.csv,844e5b30f973b3cb79c1e053b76d94c5
239,20065.csv,ed2a1c6a7c0de3f5a4c659cd834e9496
240,11779.csv,c0fc24789925a63680532943a0124e20
241,27366.csv,64f3efe0176edec2b3470069f4a4a0c5
242,14069.csv,be7492767e01f18865fd5bac9e29cafc
243,20871.csv,451282482748947e60d25d9ececf76d6
244,20478.csv,076d9df0a5338e3df0f3e4d4e7786f7e
245,6132.csv,6bc3a36d1562d1b97ab29c26ca5b8c59
246,15235.csv,de9e75582fbd3de18dc1ba0ed1529ce2
247,16790.csv,c438dde6a89d69e032b5f349aa30ea2c
248,28924.csv,4107ccd52a9495279bc4658dbfcc1783
249,19585.csv,81244d6cc375a7afe53bc9c2e9afb9dc
250,7238.csv,9a6e4ef71e61d049d10bddd6b17c6363
251,38656.csv,43776933a1d9e215758d924176d22675
252,42259.csv,2852381cac1f7603801d1a2a16ba8951
253,30074.csv,b7dc0406b3bacea579c31e86d81acf0f
254,1819.csv,43048b7b5c7af8abcd43d9b2323d6e4c
255,37082.csv,20d45856967350256057f4f514318834
256,17585.csv,a7f14b0a84eec68600f09d3a81bb9554
257,41508.csv,039391e7f16095226465b43c316fd3da
258,3335.csv,246efe2e94440a1e02b4de38d58f4303
259,27206.csv,6d8e341a0cb14a40891bf973a038610d
260,24220.csv,5779689e733c0cd0e7b20b108ab056d2
261,35944.csv,7ca89c433957fcbebc615a8a808fb54b
262,36356.csv,baa4060b25a178727f44650ebfcb9ee7
263,7413.csv,fa070b91603980a607871e6c81882328
264,16663.csv,f6fc265306da0321fcd522fb6995fd5d
265,19471.csv,ba8aa64a38eb39e6f426f299fad94eb1
266,22007.csv,1ba9052efb12e96a235dec3c3fe57f79
267,41137.csv,992187d78d9bb5d9e6d753b1fa7f697b
268,15862.csv,47117ffcd9cbe6fc57b13c547e4d0540
269,7552.csv,0a22e2b529b1d442419debafa9c01740
270,29525.csv,6a4cc10cb2612d85083ceda8e442f742
271,22662.csv,c2ff5d0670c38b6b688735f58e000a39
272,13439.csv,c1ff62001e989a55b961a0495963864d
273,12830.csv,b905595672ca4908edb017b3e94b6fff
274,34286.csv,013ab21e559b10f834b270ce0931c202
275,416.csv,9c9e6b705ac1ae0224bcd12810cc42ae
276,2866.csv,80cc7ba8b4b04a55302830fe3c908c77
277,31661.csv,f982e1595b5e3f863a794957be588099
278,34649.csv,167c54c74e52af8e4985476a1ae23d1b
279,10973.csv,f4d4b2620f6badd0b908dc06723332c7
280,11018.csv,e054df18ca9f7c6de70bd6dcd473ae48
281,30880.csv,adf1ab164da9a9b4aaca3a783e04a767
282,5834.csv,167c54c74e52af8e4985476a1ae23d1b
283,16153.csv,f6fc265306da0321fcd522fb6995fd5d
284,23111.csv,9c9e6b705ac1ae0224bcd12810cc42ae
285,33679.csv,7e90c4ed59eeb84769d7f21dde0dfec6
286,16901.csv,a24b4786283ca368c535f6b860e15bea
287,22835.csv,3c2ea1c7856c3f3651aab5e6d9740cf2
288,34776.csv,9cef7fe5c4339859b1e7a7791c71f163
289,39440.csv,56e3577f995a8b7b1eb088c2c8365a59
290,14175.csv,9af58729ef4a1f706ca2dc4f61a107de
291,7535.csv,3c2ea1c7856c3f3651aab5e6d9740cf2
292,26256.csv,02d2d8444aead9a66e546321c80a264e
293,4350.csv,2a683d1541c41f32f90f7b8fe14f6d8f
294,2537.csv,99d65c8c55385bfb443314f7f2724388
295,35317.csv,89099fc8822c11f5707a8be488510baa
296,30608.csv,f4d4b2620f6badd0b908dc06723332c7
297,38094.csv,e6a86276c22ad2a551f6b1fd06819083
298,42450.csv,03546d76bfb933a1ab42df8b9300f7b4
299,16886.csv,69f7d20d0aa256ace9e8c54e38c7bb64
